{
  "beta": 6.0,
  "L": 8,
  "total_sweeps": 300,
  "n_snapshots": 31,
  "initial_radius": 43.14356749127042,
  "final_radius": 9.077820523948242,
  "radius_reduction": 4.752634993989269,
  "initial_plaquette": -0.004988602507106139,
  "final_plaquette": 1.9209841050370893,
  "sweep_numbers": [
    0,
    10,
    20,
    30,
    40,
    50,
    60,
    70,
    80,
    90,
    100,
    110,
    120,
    130,
    140,
    150,
    160,
    170,
    180,
    190,
    200,
    210,
    220,
    230,
    240,
    250,
    260,
    270,
    280,
    290,
    300
  ],
  "radii": [
    43.14356749127042,
    13.788857647226981,
    6.939224270224695,
    6.857397076087986,
    12.086848573741342,
    3.676670950999826,
    8.271764109769991,
    7.400818241854776,
    8.276007530354164,
    6.309865289820838,
    8.690861347310282,
    12.104604619266025,
    9.659185344371037,
    8.925308435301023,
    3.995281728439418,
    10.339600564902357,
    10.355839189408817,
    8.917382075169797,
    5.6908818608040095,
    8.275180625289169,
    5.6727654115100306,
    6.874329826399684,
    5.180640276977795,
    6.390472946329696,
    5.122896357594065,
    11.067863839542195,
    4.5841231964828,
    8.134409794688532,
    9.259126874883856,
    6.142430728795286,
    9.077820523948242
  ],
  "plaquettes": [
    -0.004988602507106139,
    1.7753123024339466,
    1.8837432982797873,
    1.9082172069427885,
    1.9171403672718805,
    1.9187918345801387,
    1.909959940935994,
    1.914573787593122,
    1.931322674534801,
    1.9225336726437314,
    1.9247798584914984,
    1.9329536405908005,
    1.9227666014097953,
    1.9328086959115114,
    1.9239747062303625,
    1.9245270178100575,
    1.9218661273571707,
    1.9250529861114016,
    1.923446154767347,
    1.917864755470552,
    1.933948698993743,
    1.9290141485831358,
    1.923372938418867,
    1.9198433514448616,
    1.9276679632648108,
    1.9278923098568683,
    1.929386481676766,
    1.9207629519850238,
    1.9182941054899951,
    1.9313170632876033,
    1.9209841050370893
  ],
  "Q_values": [
    -0.5267835180148898,
    0.29896363800680814,
    -0.6784602476703738,
    -0.6580699689366558,
    0.2738968180526798,
    -0.29354485941936825,
    -0.03372118252766576,
    0.021964806879897297,
    0.06507991234556584,
    0.9345418187127964,
    -0.4617173193023119,
    -0.18629741344520298,
    -0.3770919311393104,
    0.3761349497570926,
    -0.019600892113236124,
    -0.15464484778752496,
    0.20788982564497807,
    0.09828544931594568,
    -0.2591847675074499,
    0.4283246173198131,
    -0.24568513080353382,
    0.08470908011716494,
    -0.20501833397998379,
    -0.631765473402742,
    0.3316869757978309,
    -0.17090485012736262,
    -0.343073728741444,
    -0.0679288116687027,
    0.21173417677184306,
    0.10400048639875617,
    -0.457582315993681
  ]
}